Åland Islands	Åland
Ascension Island	Ascension Island PD
AU-ACT	the Australian Capital Territory
AU-NT	the Northern Territory
AU-VIC	Victoria (Australia)
British Indian Ocean Territory	the British Indian Ocean Territory
Brunei Darussalam	Brunei
CA-NT	the Northwest Territories
Canary Islands	the Canary Islands (simple)
Central African Republic	the Central African Republic
Cocos (Keeling) Islands	the Cocos (Keeling) Islands
Congo	the Republic of the Congo
DE-BY	Bavaria (lozengy)
DE-HE	Hesse
DE-MV	Mecklenburg-Western Pomerania
DE-NI	Lower Saxony
DE-NW	North Rhine-Westphalia
DE-RP	Rhineland-Palatinate
DE-SN	Saxony
DE-ST	Saxony-Anhalt (state)
DE-TH	Thuringia
Democratic People's Republic of Korea	North Korea
European Union	Europe
Falkland Islands (Malvinas)	the Falkland Islands
Faroe Islands	the Faroe Islands
French Southern Territories	the French Southern and Antarctic Lands
Guadeloupe	Guadeloupe (local)
Holy See (Vatican City State)	the Vatican City
Islamic Republic of Iran	Iran
Island of Sark	Sark
Isle of Man	the Isle of Man
Kosovo	Kosovo GovOutline PD
Lao People's Democratic Republic	Laos
Macao	Macau
Marshall Islands	the Marshall Islands
Mayotte	Mayotte (local)
MX-CMX	Mexican Federal District
MX-COA	Coahuila
MX-MEX	Mexico (state)
MX-MIC	Michoacan
MX-NLE	Nuevo Leon
MX-QUE	Queretaro
MX-SLP	San Luis Potosi
MX-VER	Veracruz
MX-YUC	Yucatan
Northern Mariana Islands	the Northern Mariana Islands
Pitcairn	Pitcairn Islands
Saint Helena, Ascension and Tristan da Cunha	Saint Helena
Saint Pierre and Miquelon	Saint-Pierre and Miquelon
Sint Maarten (Dutch part)	Sint Maarten
Solomon Islands	the Solomon Islands
State of Palestine	Palestine
Syrian Arab Republic	Syria
Taiwan, Province of China	the Republic of China
The Democratic Republic of the Congo	the Democratic Republic of the Congo
The Former Yugoslav Republic of Macedonia	Macedonia
Timor-Leste	East Timor
Turks and Caicos Islands	the Turks and Caicos Islands
Union of Soviet Socialist Republics	the Soviet Union
United Nations	the United Nations
United Republic of Tanzania	Tanzania
US-DC	Washington, D.C.
US-GA	Georgia (U.S. state)
U.S. Virgin Islands	the United States Virgin Islands
Viet Nam	Vietnam
New Caledonia	FLNKS